01:04:12,15:12:49,244.55.164.88,iPhone,17muydtrdc9r5286px13jue2jnvij5xlvbe7lp6h8cf4yovwvybtopaxebl2
04:56:02,21:39:59,84.230.245.51,iPhone,17muydtrdc9r5286px13jue2jnvij5xlvbe7lp6h8cf4yovwvybtopaxebl2
01:50:31,15:35:15,84.230.245.51,iPhone,17muydtrdc9r5286px13jue2jnvij5xlvbe7lp6h8cf4yovwvybtopaxebl2
00:08:08,03:33:03,244.55.164.88,iPhone,17muydtrdc9r5286px13jue2jnvij5xlvbe7lp6h8cf4yovwvybtopaxebl2
02:06:53,07:36:25,3.29.200.128,iPhone,17muydtrdc9r5286px13jue2jnvij5xlvbe7lp6h8cf4yovwvybtopaxebl2
08:27:18,16:43:56,244.55.164.88,iPhone,17muydtrdc9r5286px13jue2jnvij5xlvbe7lp6h8cf4yovwvybtopaxebl2
11:46:24,20:56:07,244.55.164.88,iPhone,17muydtrdc9r5286px13jue2jnvij5xlvbe7lp6h8cf4yovwvybtopaxebl2
05:53:45,11:06:16,84.230.245.51,iPhone,17muydtrdc9r5286px13jue2jnvij5xlvbe7lp6h8cf4yovwvybtopaxebl2
23:08:58,23:32:40,84.230.245.51,iPhone,17muydtrdc9r5286px13jue2jnvij5xlvbe7lp6h8cf4yovwvybtopaxebl2
04:24:02,12:40:22,244.55.164.88,iPhone,17muydtrdc9r5286px13jue2jnvij5xlvbe7lp6h8cf4yovwvybtopaxebl2
