03:53:20,07:50:05,94.106.194.60,iPhone,6qqnz63fjyaq0mhrjqkwefobwnp9qlz22t6j9mbjswcrn12f8l098xqyit7y
19:16:43,19:44:55,224.164.49.253,iPhone,6qqnz63fjyaq0mhrjqkwefobwnp9qlz22t6j9mbjswcrn12f8l098xqyit7y
01:35:00,21:47:10,224.164.49.253,iPhone,6qqnz63fjyaq0mhrjqkwefobwnp9qlz22t6j9mbjswcrn12f8l098xqyit7y
08:38:23,17:10:37,130.0.254.185,iPhone,6qqnz63fjyaq0mhrjqkwefobwnp9qlz22t6j9mbjswcrn12f8l098xqyit7y
16:55:28,23:15:50,94.106.194.60,iPhone,6qqnz63fjyaq0mhrjqkwefobwnp9qlz22t6j9mbjswcrn12f8l098xqyit7y
09:13:44,12:20:51,94.106.194.60,iPhone,6qqnz63fjyaq0mhrjqkwefobwnp9qlz22t6j9mbjswcrn12f8l098xqyit7y
09:23:14,11:26:46,130.0.254.185,iPhone,6qqnz63fjyaq0mhrjqkwefobwnp9qlz22t6j9mbjswcrn12f8l098xqyit7y
14:23:46,18:01:06,130.0.254.185,iPhone,6qqnz63fjyaq0mhrjqkwefobwnp9qlz22t6j9mbjswcrn12f8l098xqyit7y
07:45:08,22:53:47,94.106.194.60,iPhone,6qqnz63fjyaq0mhrjqkwefobwnp9qlz22t6j9mbjswcrn12f8l098xqyit7y
08:18:56,13:11:04,94.106.194.60,iPhone,6qqnz63fjyaq0mhrjqkwefobwnp9qlz22t6j9mbjswcrn12f8l098xqyit7y
