03:02:04,07:05:08,109.186.124.183,iPhone,6swvivoy61hv1gm7oe0ezh1txxovuyukh7qkb1qrngf03mgrpk10b2thrkev
15:08:12,17:47:56,12.35.186.184,iPhone,6swvivoy61hv1gm7oe0ezh1txxovuyukh7qkb1qrngf03mgrpk10b2thrkev
04:07:47,17:00:47,109.186.124.183,iPhone,6swvivoy61hv1gm7oe0ezh1txxovuyukh7qkb1qrngf03mgrpk10b2thrkev
05:41:29,16:57:58,193.212.127.251,iPhone,6swvivoy61hv1gm7oe0ezh1txxovuyukh7qkb1qrngf03mgrpk10b2thrkev
09:18:23,16:24:25,109.186.124.183,iPhone,6swvivoy61hv1gm7oe0ezh1txxovuyukh7qkb1qrngf03mgrpk10b2thrkev
04:23:29,21:53:20,12.35.186.184,iPhone,6swvivoy61hv1gm7oe0ezh1txxovuyukh7qkb1qrngf03mgrpk10b2thrkev
11:32:25,13:19:01,109.186.124.183,iPhone,6swvivoy61hv1gm7oe0ezh1txxovuyukh7qkb1qrngf03mgrpk10b2thrkev
12:17:16,22:40:24,193.212.127.251,iPhone,6swvivoy61hv1gm7oe0ezh1txxovuyukh7qkb1qrngf03mgrpk10b2thrkev
08:22:40,18:34:12,109.186.124.183,iPhone,6swvivoy61hv1gm7oe0ezh1txxovuyukh7qkb1qrngf03mgrpk10b2thrkev
06:53:53,19:10:33,12.35.186.184,iPhone,6swvivoy61hv1gm7oe0ezh1txxovuyukh7qkb1qrngf03mgrpk10b2thrkev
