05:54:08,21:23:05,171.218.126.65,iPhone,8n560qda7dv7sjoppnkma6pbhsu0t2p15jd359n59uq85vgumq9cykqwhljb
17:24:35,23:56:07,249.170.232.180,iPhone,8n560qda7dv7sjoppnkma6pbhsu0t2p15jd359n59uq85vgumq9cykqwhljb
12:44:59,20:40:38,152.60.195.151,iPhone,8n560qda7dv7sjoppnkma6pbhsu0t2p15jd359n59uq85vgumq9cykqwhljb
06:34:03,12:42:10,171.218.126.65,iPhone,8n560qda7dv7sjoppnkma6pbhsu0t2p15jd359n59uq85vgumq9cykqwhljb
09:37:36,17:21:47,171.218.126.65,iPhone,8n560qda7dv7sjoppnkma6pbhsu0t2p15jd359n59uq85vgumq9cykqwhljb
02:57:57,06:06:27,249.170.232.180,iPhone,8n560qda7dv7sjoppnkma6pbhsu0t2p15jd359n59uq85vgumq9cykqwhljb
16:37:51,19:56:56,152.60.195.151,iPhone,8n560qda7dv7sjoppnkma6pbhsu0t2p15jd359n59uq85vgumq9cykqwhljb
04:29:10,08:24:02,152.60.195.151,iPhone,8n560qda7dv7sjoppnkma6pbhsu0t2p15jd359n59uq85vgumq9cykqwhljb
16:24:48,17:04:28,152.60.195.151,iPhone,8n560qda7dv7sjoppnkma6pbhsu0t2p15jd359n59uq85vgumq9cykqwhljb
02:12:48,06:20:31,171.218.126.65,iPhone,8n560qda7dv7sjoppnkma6pbhsu0t2p15jd359n59uq85vgumq9cykqwhljb
