20:49:17,22:16:39,94.216.52.44,iPhone,a09ndohb4txmwtgnwbvspkje3w23dtu0nw6me0kg1kjjc0csrpdpm943dw20
17:54:58,23:30:41,245.11.114.65,iPhone,a09ndohb4txmwtgnwbvspkje3w23dtu0nw6me0kg1kjjc0csrpdpm943dw20
03:14:29,20:58:45,254.183.74.44,iPhone,a09ndohb4txmwtgnwbvspkje3w23dtu0nw6me0kg1kjjc0csrpdpm943dw20
05:36:55,20:23:11,94.216.52.44,iPhone,a09ndohb4txmwtgnwbvspkje3w23dtu0nw6me0kg1kjjc0csrpdpm943dw20
12:36:02,16:39:39,94.216.52.44,iPhone,a09ndohb4txmwtgnwbvspkje3w23dtu0nw6me0kg1kjjc0csrpdpm943dw20
10:37:17,11:03:42,94.216.52.44,iPhone,a09ndohb4txmwtgnwbvspkje3w23dtu0nw6me0kg1kjjc0csrpdpm943dw20
06:10:03,10:10:45,254.183.74.44,iPhone,a09ndohb4txmwtgnwbvspkje3w23dtu0nw6me0kg1kjjc0csrpdpm943dw20
14:34:57,21:15:40,245.11.114.65,iPhone,a09ndohb4txmwtgnwbvspkje3w23dtu0nw6me0kg1kjjc0csrpdpm943dw20
12:24:59,18:44:37,94.216.52.44,iPhone,a09ndohb4txmwtgnwbvspkje3w23dtu0nw6me0kg1kjjc0csrpdpm943dw20
11:14:05,19:31:20,254.183.74.44,iPhone,a09ndohb4txmwtgnwbvspkje3w23dtu0nw6me0kg1kjjc0csrpdpm943dw20
