11:29:52,15:38:54,244.176.74.222,iPhone,aq3fawkq3ptop2a404kanp8ym6xn4trhmyher77myrtrcjbvgxtpvepegjig
05:01:23,05:32:12,244.176.74.222,iPhone,aq3fawkq3ptop2a404kanp8ym6xn4trhmyher77myrtrcjbvgxtpvepegjig
03:49:07,04:19:29,244.176.74.222,iPhone,aq3fawkq3ptop2a404kanp8ym6xn4trhmyher77myrtrcjbvgxtpvepegjig
02:32:42,13:30:06,244.176.74.222,iPhone,aq3fawkq3ptop2a404kanp8ym6xn4trhmyher77myrtrcjbvgxtpvepegjig
05:38:03,12:20:48,114.122.179.204,iPhone,aq3fawkq3ptop2a404kanp8ym6xn4trhmyher77myrtrcjbvgxtpvepegjig
09:16:48,15:20:14,114.122.179.204,iPhone,aq3fawkq3ptop2a404kanp8ym6xn4trhmyher77myrtrcjbvgxtpvepegjig
07:51:33,09:20:15,114.122.179.204,iPhone,aq3fawkq3ptop2a404kanp8ym6xn4trhmyher77myrtrcjbvgxtpvepegjig
05:45:46,06:05:13,244.176.74.222,iPhone,aq3fawkq3ptop2a404kanp8ym6xn4trhmyher77myrtrcjbvgxtpvepegjig
00:11:50,01:37:38,114.122.179.204,iPhone,aq3fawkq3ptop2a404kanp8ym6xn4trhmyher77myrtrcjbvgxtpvepegjig
00:38:06,22:14:12,244.176.74.222,iPhone,aq3fawkq3ptop2a404kanp8ym6xn4trhmyher77myrtrcjbvgxtpvepegjig
