07:58:47,23:29:32,184.29.209.85,iPhone,b98vgbr2ikc8uic6x3uej9wu7f3lzm718qzarecamv3t4ffuezig7pkb9lku
06:43:35,23:24:07,69.26.238.153,iPhone,b98vgbr2ikc8uic6x3uej9wu7f3lzm718qzarecamv3t4ffuezig7pkb9lku
13:27:42,19:35:47,211.3.154.83,iPhone,b98vgbr2ikc8uic6x3uej9wu7f3lzm718qzarecamv3t4ffuezig7pkb9lku
01:01:01,11:44:43,184.29.209.85,iPhone,b98vgbr2ikc8uic6x3uej9wu7f3lzm718qzarecamv3t4ffuezig7pkb9lku
00:32:06,14:06:27,211.3.154.83,iPhone,b98vgbr2ikc8uic6x3uej9wu7f3lzm718qzarecamv3t4ffuezig7pkb9lku
00:27:00,20:32:15,184.29.209.85,iPhone,b98vgbr2ikc8uic6x3uej9wu7f3lzm718qzarecamv3t4ffuezig7pkb9lku
10:46:30,19:13:30,69.26.238.153,iPhone,b98vgbr2ikc8uic6x3uej9wu7f3lzm718qzarecamv3t4ffuezig7pkb9lku
15:05:30,17:07:36,211.3.154.83,iPhone,b98vgbr2ikc8uic6x3uej9wu7f3lzm718qzarecamv3t4ffuezig7pkb9lku
11:40:47,14:37:46,211.3.154.83,iPhone,b98vgbr2ikc8uic6x3uej9wu7f3lzm718qzarecamv3t4ffuezig7pkb9lku
09:36:59,15:39:28,211.3.154.83,iPhone,b98vgbr2ikc8uic6x3uej9wu7f3lzm718qzarecamv3t4ffuezig7pkb9lku
