03:56:38,16:30:23,249.178.114.152,iPhone,ci0mveb3m559dgna5d8j5kdsrlj0xfnoh61pp0r5l2ixfx5dt043pt3lofp5
19:54:05,21:04:30,249.178.114.152,iPhone,ci0mveb3m559dgna5d8j5kdsrlj0xfnoh61pp0r5l2ixfx5dt043pt3lofp5
12:14:52,18:06:44,201.206.210.236,iPhone,ci0mveb3m559dgna5d8j5kdsrlj0xfnoh61pp0r5l2ixfx5dt043pt3lofp5
12:04:45,22:25:51,249.178.114.152,iPhone,ci0mveb3m559dgna5d8j5kdsrlj0xfnoh61pp0r5l2ixfx5dt043pt3lofp5
09:28:14,10:09:01,201.206.210.236,iPhone,ci0mveb3m559dgna5d8j5kdsrlj0xfnoh61pp0r5l2ixfx5dt043pt3lofp5
02:52:31,05:03:38,249.178.114.152,iPhone,ci0mveb3m559dgna5d8j5kdsrlj0xfnoh61pp0r5l2ixfx5dt043pt3lofp5
08:44:52,17:11:00,201.206.210.236,iPhone,ci0mveb3m559dgna5d8j5kdsrlj0xfnoh61pp0r5l2ixfx5dt043pt3lofp5
16:03:44,18:33:42,249.178.114.152,iPhone,ci0mveb3m559dgna5d8j5kdsrlj0xfnoh61pp0r5l2ixfx5dt043pt3lofp5
02:58:44,07:57:02,201.206.210.236,iPhone,ci0mveb3m559dgna5d8j5kdsrlj0xfnoh61pp0r5l2ixfx5dt043pt3lofp5
03:52:20,18:06:22,201.206.210.236,iPhone,ci0mveb3m559dgna5d8j5kdsrlj0xfnoh61pp0r5l2ixfx5dt043pt3lofp5
