07:23:23,20:11:26,45.33.137.160,iPhone,dh6ugn9ydc4pvkicofg08zsj1scrfdn723v72s0t0sednmw6j0db5z36i3wq
07:40:44,14:54:17,91.233.161.199,iPhone,dh6ugn9ydc4pvkicofg08zsj1scrfdn723v72s0t0sednmw6j0db5z36i3wq
07:17:29,13:48:04,19.105.232.116,iPhone,dh6ugn9ydc4pvkicofg08zsj1scrfdn723v72s0t0sednmw6j0db5z36i3wq
15:21:14,20:47:49,45.33.137.160,iPhone,dh6ugn9ydc4pvkicofg08zsj1scrfdn723v72s0t0sednmw6j0db5z36i3wq
02:25:45,05:14:36,45.33.137.160,iPhone,dh6ugn9ydc4pvkicofg08zsj1scrfdn723v72s0t0sednmw6j0db5z36i3wq
10:43:36,20:44:59,45.33.137.160,iPhone,dh6ugn9ydc4pvkicofg08zsj1scrfdn723v72s0t0sednmw6j0db5z36i3wq
01:06:15,14:44:40,45.33.137.160,iPhone,dh6ugn9ydc4pvkicofg08zsj1scrfdn723v72s0t0sednmw6j0db5z36i3wq
00:52:21,10:10:08,91.233.161.199,iPhone,dh6ugn9ydc4pvkicofg08zsj1scrfdn723v72s0t0sednmw6j0db5z36i3wq
03:03:48,20:18:32,45.33.137.160,iPhone,dh6ugn9ydc4pvkicofg08zsj1scrfdn723v72s0t0sednmw6j0db5z36i3wq
12:27:55,19:34:52,91.233.161.199,iPhone,dh6ugn9ydc4pvkicofg08zsj1scrfdn723v72s0t0sednmw6j0db5z36i3wq
