00:45:49,09:01:18,163.106.172.66,iPhone,erxyv93c591kf0dot557kexdz3bxgsgxptcr8r668oxhwt2akgxbz7uonesz
14:09:31,20:48:50,163.106.172.66,iPhone,erxyv93c591kf0dot557kexdz3bxgsgxptcr8r668oxhwt2akgxbz7uonesz
01:48:26,15:49:51,163.106.172.66,iPhone,erxyv93c591kf0dot557kexdz3bxgsgxptcr8r668oxhwt2akgxbz7uonesz
12:55:14,20:04:24,244.132.79.139,iPhone,erxyv93c591kf0dot557kexdz3bxgsgxptcr8r668oxhwt2akgxbz7uonesz
05:31:50,16:33:37,67.148.181.33,iPhone,erxyv93c591kf0dot557kexdz3bxgsgxptcr8r668oxhwt2akgxbz7uonesz
05:54:22,11:41:32,67.148.181.33,iPhone,erxyv93c591kf0dot557kexdz3bxgsgxptcr8r668oxhwt2akgxbz7uonesz
18:09:48,23:21:52,67.148.181.33,iPhone,erxyv93c591kf0dot557kexdz3bxgsgxptcr8r668oxhwt2akgxbz7uonesz
14:55:36,17:10:35,163.106.172.66,iPhone,erxyv93c591kf0dot557kexdz3bxgsgxptcr8r668oxhwt2akgxbz7uonesz
06:41:38,15:05:17,163.106.172.66,iPhone,erxyv93c591kf0dot557kexdz3bxgsgxptcr8r668oxhwt2akgxbz7uonesz
03:16:47,06:47:14,67.148.181.33,iPhone,erxyv93c591kf0dot557kexdz3bxgsgxptcr8r668oxhwt2akgxbz7uonesz
