11:47:42,22:15:25,141.106.148.191,iPhone,f51dppvzgqyel389mrumrrm6ub741dal4itsba01nw5mdnc84c4b85aohh9x
04:06:03,09:09:20,141.106.148.191,iPhone,f51dppvzgqyel389mrumrrm6ub741dal4itsba01nw5mdnc84c4b85aohh9x
05:39:20,17:14:35,141.106.148.191,iPhone,f51dppvzgqyel389mrumrrm6ub741dal4itsba01nw5mdnc84c4b85aohh9x
15:53:59,16:31:27,141.106.148.191,iPhone,f51dppvzgqyel389mrumrrm6ub741dal4itsba01nw5mdnc84c4b85aohh9x
01:00:06,20:56:16,246.241.26.50,iPhone,f51dppvzgqyel389mrumrrm6ub741dal4itsba01nw5mdnc84c4b85aohh9x
19:22:59,21:51:38,141.106.148.191,iPhone,f51dppvzgqyel389mrumrrm6ub741dal4itsba01nw5mdnc84c4b85aohh9x
10:18:03,18:42:05,115.143.85.16,iPhone,f51dppvzgqyel389mrumrrm6ub741dal4itsba01nw5mdnc84c4b85aohh9x
08:08:38,22:11:22,115.143.85.16,iPhone,f51dppvzgqyel389mrumrrm6ub741dal4itsba01nw5mdnc84c4b85aohh9x
16:27:23,18:55:02,246.241.26.50,iPhone,f51dppvzgqyel389mrumrrm6ub741dal4itsba01nw5mdnc84c4b85aohh9x
05:24:06,06:14:00,246.241.26.50,iPhone,f51dppvzgqyel389mrumrrm6ub741dal4itsba01nw5mdnc84c4b85aohh9x
