03:01:42,18:35:42,47.216.100.230,iPhone,f5qm9xfgkneptcb6r9lqlvyrg7luhcab8njxfxjd2aq7za67q8k4x2kt7kx0
04:09:24,22:09:53,47.216.100.230,iPhone,f5qm9xfgkneptcb6r9lqlvyrg7luhcab8njxfxjd2aq7za67q8k4x2kt7kx0
01:05:55,04:23:19,47.216.100.230,iPhone,f5qm9xfgkneptcb6r9lqlvyrg7luhcab8njxfxjd2aq7za67q8k4x2kt7kx0
13:18:59,18:45:36,118.160.16.239,iPhone,f5qm9xfgkneptcb6r9lqlvyrg7luhcab8njxfxjd2aq7za67q8k4x2kt7kx0
00:34:34,04:17:50,118.160.16.239,iPhone,f5qm9xfgkneptcb6r9lqlvyrg7luhcab8njxfxjd2aq7za67q8k4x2kt7kx0
19:50:21,22:46:42,47.216.100.230,iPhone,f5qm9xfgkneptcb6r9lqlvyrg7luhcab8njxfxjd2aq7za67q8k4x2kt7kx0
03:14:06,23:10:50,132.105.99.67,iPhone,f5qm9xfgkneptcb6r9lqlvyrg7luhcab8njxfxjd2aq7za67q8k4x2kt7kx0
02:18:48,23:02:28,132.105.99.67,iPhone,f5qm9xfgkneptcb6r9lqlvyrg7luhcab8njxfxjd2aq7za67q8k4x2kt7kx0
15:19:57,20:53:23,132.105.99.67,iPhone,f5qm9xfgkneptcb6r9lqlvyrg7luhcab8njxfxjd2aq7za67q8k4x2kt7kx0
08:36:57,15:00:22,47.216.100.230,iPhone,f5qm9xfgkneptcb6r9lqlvyrg7luhcab8njxfxjd2aq7za67q8k4x2kt7kx0
