10:24:57,23:12:23,224.25.244.243,iPhone,fmdqeczih9yrsdhoakg9xwqwkoayklqchqs8b0l736a591qu5qo3xl2c53de
01:05:13,07:12:39,106.196.117.98,iPhone,fmdqeczih9yrsdhoakg9xwqwkoayklqchqs8b0l736a591qu5qo3xl2c53de
08:16:34,23:55:07,187.239.164.23,iPhone,fmdqeczih9yrsdhoakg9xwqwkoayklqchqs8b0l736a591qu5qo3xl2c53de
02:36:51,12:21:19,106.196.117.98,iPhone,fmdqeczih9yrsdhoakg9xwqwkoayklqchqs8b0l736a591qu5qo3xl2c53de
05:36:03,11:23:42,187.239.164.23,iPhone,fmdqeczih9yrsdhoakg9xwqwkoayklqchqs8b0l736a591qu5qo3xl2c53de
05:46:34,23:53:48,187.239.164.23,iPhone,fmdqeczih9yrsdhoakg9xwqwkoayklqchqs8b0l736a591qu5qo3xl2c53de
03:00:45,13:21:29,187.239.164.23,iPhone,fmdqeczih9yrsdhoakg9xwqwkoayklqchqs8b0l736a591qu5qo3xl2c53de
00:07:48,08:38:23,224.25.244.243,iPhone,fmdqeczih9yrsdhoakg9xwqwkoayklqchqs8b0l736a591qu5qo3xl2c53de
08:40:23,16:35:23,224.25.244.243,iPhone,fmdqeczih9yrsdhoakg9xwqwkoayklqchqs8b0l736a591qu5qo3xl2c53de
11:32:11,20:53:38,224.25.244.243,iPhone,fmdqeczih9yrsdhoakg9xwqwkoayklqchqs8b0l736a591qu5qo3xl2c53de
