18:51:14,22:22:42,4.235.121.126,iPhone,i7d62nksflv1g0t5xx687e858sniw2x3vxfn7gpxnuvlvdb9r9kyyskx85my
02:14:05,14:31:30,107.179.143.112,iPhone,i7d62nksflv1g0t5xx687e858sniw2x3vxfn7gpxnuvlvdb9r9kyyskx85my
08:59:02,11:01:23,4.235.121.126,iPhone,i7d62nksflv1g0t5xx687e858sniw2x3vxfn7gpxnuvlvdb9r9kyyskx85my
08:49:49,13:50:00,4.235.121.126,iPhone,i7d62nksflv1g0t5xx687e858sniw2x3vxfn7gpxnuvlvdb9r9kyyskx85my
10:25:07,21:09:54,35.161.138.73,iPhone,i7d62nksflv1g0t5xx687e858sniw2x3vxfn7gpxnuvlvdb9r9kyyskx85my
04:57:30,11:43:13,4.235.121.126,iPhone,i7d62nksflv1g0t5xx687e858sniw2x3vxfn7gpxnuvlvdb9r9kyyskx85my
00:10:53,21:49:57,35.161.138.73,iPhone,i7d62nksflv1g0t5xx687e858sniw2x3vxfn7gpxnuvlvdb9r9kyyskx85my
07:01:56,20:57:08,4.235.121.126,iPhone,i7d62nksflv1g0t5xx687e858sniw2x3vxfn7gpxnuvlvdb9r9kyyskx85my
12:17:19,23:26:10,107.179.143.112,iPhone,i7d62nksflv1g0t5xx687e858sniw2x3vxfn7gpxnuvlvdb9r9kyyskx85my
08:14:08,18:19:08,35.161.138.73,iPhone,i7d62nksflv1g0t5xx687e858sniw2x3vxfn7gpxnuvlvdb9r9kyyskx85my
