19:25:07,19:48:45,245.208.9.38,iPhone,k21avn8w9p0k8i1khnqfwy8al55ph9hl5oaasala920a19kbyezkhrlcng4i
15:18:42,20:47:01,231.41.111.112,iPhone,k21avn8w9p0k8i1khnqfwy8al55ph9hl5oaasala920a19kbyezkhrlcng4i
05:14:11,09:26:37,65.171.149.42,iPhone,k21avn8w9p0k8i1khnqfwy8al55ph9hl5oaasala920a19kbyezkhrlcng4i
09:34:00,21:30:41,245.208.9.38,iPhone,k21avn8w9p0k8i1khnqfwy8al55ph9hl5oaasala920a19kbyezkhrlcng4i
04:22:24,17:27:30,231.41.111.112,iPhone,k21avn8w9p0k8i1khnqfwy8al55ph9hl5oaasala920a19kbyezkhrlcng4i
13:16:34,15:02:45,65.171.149.42,iPhone,k21avn8w9p0k8i1khnqfwy8al55ph9hl5oaasala920a19kbyezkhrlcng4i
11:58:49,13:26:49,65.171.149.42,iPhone,k21avn8w9p0k8i1khnqfwy8al55ph9hl5oaasala920a19kbyezkhrlcng4i
10:21:00,10:30:58,65.171.149.42,iPhone,k21avn8w9p0k8i1khnqfwy8al55ph9hl5oaasala920a19kbyezkhrlcng4i
12:59:50,17:38:17,245.208.9.38,iPhone,k21avn8w9p0k8i1khnqfwy8al55ph9hl5oaasala920a19kbyezkhrlcng4i
09:47:39,19:15:45,231.41.111.112,iPhone,k21avn8w9p0k8i1khnqfwy8al55ph9hl5oaasala920a19kbyezkhrlcng4i
