04:03:38,15:47:19,242.141.33.217,iPhone,lpl8s5pe0brudz772yuscrmqrl9w94ify1xerhmhbr3siexmfr2ei4haqzzc
11:41:33,19:25:17,21.38.131.85,iPhone,lpl8s5pe0brudz772yuscrmqrl9w94ify1xerhmhbr3siexmfr2ei4haqzzc
05:26:00,14:12:16,242.141.33.217,iPhone,lpl8s5pe0brudz772yuscrmqrl9w94ify1xerhmhbr3siexmfr2ei4haqzzc
11:22:59,23:40:11,21.38.131.85,iPhone,lpl8s5pe0brudz772yuscrmqrl9w94ify1xerhmhbr3siexmfr2ei4haqzzc
11:15:40,12:00:31,242.141.33.217,iPhone,lpl8s5pe0brudz772yuscrmqrl9w94ify1xerhmhbr3siexmfr2ei4haqzzc
06:36:16,22:04:20,242.141.33.217,iPhone,lpl8s5pe0brudz772yuscrmqrl9w94ify1xerhmhbr3siexmfr2ei4haqzzc
08:56:30,23:08:34,21.38.131.85,iPhone,lpl8s5pe0brudz772yuscrmqrl9w94ify1xerhmhbr3siexmfr2ei4haqzzc
07:19:29,22:18:19,21.38.131.85,iPhone,lpl8s5pe0brudz772yuscrmqrl9w94ify1xerhmhbr3siexmfr2ei4haqzzc
09:01:37,09:24:22,242.141.33.217,iPhone,lpl8s5pe0brudz772yuscrmqrl9w94ify1xerhmhbr3siexmfr2ei4haqzzc
03:34:12,10:27:36,242.141.33.217,iPhone,lpl8s5pe0brudz772yuscrmqrl9w94ify1xerhmhbr3siexmfr2ei4haqzzc
