19:43:06,23:54:15,222.218.10.94,iPhone,m9o4s9c2d36dthudynjz740i9rorp4ctbueeav5tht6xjmy87x7hktktuqwg
02:59:10,17:59:42,222.161.104.39,iPhone,m9o4s9c2d36dthudynjz740i9rorp4ctbueeav5tht6xjmy87x7hktktuqwg
06:00:05,13:43:57,222.218.10.94,iPhone,m9o4s9c2d36dthudynjz740i9rorp4ctbueeav5tht6xjmy87x7hktktuqwg
23:46:36,23:48:31,218.230.64.207,iPhone,m9o4s9c2d36dthudynjz740i9rorp4ctbueeav5tht6xjmy87x7hktktuqwg
20:30:56,21:30:42,222.218.10.94,iPhone,m9o4s9c2d36dthudynjz740i9rorp4ctbueeav5tht6xjmy87x7hktktuqwg
08:20:13,23:45:36,222.161.104.39,iPhone,m9o4s9c2d36dthudynjz740i9rorp4ctbueeav5tht6xjmy87x7hktktuqwg
15:49:56,23:17:28,222.161.104.39,iPhone,m9o4s9c2d36dthudynjz740i9rorp4ctbueeav5tht6xjmy87x7hktktuqwg
01:46:29,14:21:17,218.230.64.207,iPhone,m9o4s9c2d36dthudynjz740i9rorp4ctbueeav5tht6xjmy87x7hktktuqwg
10:04:18,17:57:25,222.218.10.94,iPhone,m9o4s9c2d36dthudynjz740i9rorp4ctbueeav5tht6xjmy87x7hktktuqwg
21:55:36,21:57:05,222.218.10.94,iPhone,m9o4s9c2d36dthudynjz740i9rorp4ctbueeav5tht6xjmy87x7hktktuqwg
