06:18:05,20:08:31,95.162.36.122,iPhone,nj7wf7ukexuyz2l0b4u3q4eum64sdt2582uubbu8wc5srjww9jvaxzc5rnw6
08:05:59,20:39:38,242.170.209.88,iPhone,nj7wf7ukexuyz2l0b4u3q4eum64sdt2582uubbu8wc5srjww9jvaxzc5rnw6
03:05:29,18:48:37,95.162.36.122,iPhone,nj7wf7ukexuyz2l0b4u3q4eum64sdt2582uubbu8wc5srjww9jvaxzc5rnw6
02:34:33,21:17:50,215.45.154.50,iPhone,nj7wf7ukexuyz2l0b4u3q4eum64sdt2582uubbu8wc5srjww9jvaxzc5rnw6
07:46:22,10:07:26,95.162.36.122,iPhone,nj7wf7ukexuyz2l0b4u3q4eum64sdt2582uubbu8wc5srjww9jvaxzc5rnw6
04:29:53,16:11:47,95.162.36.122,iPhone,nj7wf7ukexuyz2l0b4u3q4eum64sdt2582uubbu8wc5srjww9jvaxzc5rnw6
01:28:31,02:37:40,95.162.36.122,iPhone,nj7wf7ukexuyz2l0b4u3q4eum64sdt2582uubbu8wc5srjww9jvaxzc5rnw6
04:28:06,20:38:40,215.45.154.50,iPhone,nj7wf7ukexuyz2l0b4u3q4eum64sdt2582uubbu8wc5srjww9jvaxzc5rnw6
17:52:55,20:13:15,242.170.209.88,iPhone,nj7wf7ukexuyz2l0b4u3q4eum64sdt2582uubbu8wc5srjww9jvaxzc5rnw6
22:34:04,23:28:27,95.162.36.122,iPhone,nj7wf7ukexuyz2l0b4u3q4eum64sdt2582uubbu8wc5srjww9jvaxzc5rnw6
