20:23:50,23:05:39,20.110.113.125,iPhone,qbm8jl57w0xw3r4epm4sh2ew2eccy54j4ap6viek82r3em0e8gc92tq3li5e
00:09:12,13:56:45,72.242.46.107,iPhone,qbm8jl57w0xw3r4epm4sh2ew2eccy54j4ap6viek82r3em0e8gc92tq3li5e
16:17:17,23:52:59,182.86.53.31,iPhone,qbm8jl57w0xw3r4epm4sh2ew2eccy54j4ap6viek82r3em0e8gc92tq3li5e
08:40:52,17:27:20,20.110.113.125,iPhone,qbm8jl57w0xw3r4epm4sh2ew2eccy54j4ap6viek82r3em0e8gc92tq3li5e
09:06:02,18:43:22,20.110.113.125,iPhone,qbm8jl57w0xw3r4epm4sh2ew2eccy54j4ap6viek82r3em0e8gc92tq3li5e
06:13:35,17:56:16,72.242.46.107,iPhone,qbm8jl57w0xw3r4epm4sh2ew2eccy54j4ap6viek82r3em0e8gc92tq3li5e
00:52:00,20:07:46,20.110.113.125,iPhone,qbm8jl57w0xw3r4epm4sh2ew2eccy54j4ap6viek82r3em0e8gc92tq3li5e
17:07:50,21:48:26,20.110.113.125,iPhone,qbm8jl57w0xw3r4epm4sh2ew2eccy54j4ap6viek82r3em0e8gc92tq3li5e
12:42:02,15:20:39,72.242.46.107,iPhone,qbm8jl57w0xw3r4epm4sh2ew2eccy54j4ap6viek82r3em0e8gc92tq3li5e
15:26:15,23:32:23,72.242.46.107,iPhone,qbm8jl57w0xw3r4epm4sh2ew2eccy54j4ap6viek82r3em0e8gc92tq3li5e
