09:56:56,16:31:23,74.151.171.88,iPhone,qxgix29987atpltzyf7xqxo5586el3j7sychg2hths4r8mgacrart1s3i2n7
06:16:42,23:03:13,206.179.5.182,iPhone,qxgix29987atpltzyf7xqxo5586el3j7sychg2hths4r8mgacrart1s3i2n7
09:42:37,22:53:57,74.151.171.88,iPhone,qxgix29987atpltzyf7xqxo5586el3j7sychg2hths4r8mgacrart1s3i2n7
13:30:29,15:39:12,81.63.11.127,iPhone,qxgix29987atpltzyf7xqxo5586el3j7sychg2hths4r8mgacrart1s3i2n7
09:06:55,16:49:28,74.151.171.88,iPhone,qxgix29987atpltzyf7xqxo5586el3j7sychg2hths4r8mgacrart1s3i2n7
11:19:08,15:42:34,74.151.171.88,iPhone,qxgix29987atpltzyf7xqxo5586el3j7sychg2hths4r8mgacrart1s3i2n7
01:02:49,05:58:10,81.63.11.127,iPhone,qxgix29987atpltzyf7xqxo5586el3j7sychg2hths4r8mgacrart1s3i2n7
11:38:29,21:08:30,206.179.5.182,iPhone,qxgix29987atpltzyf7xqxo5586el3j7sychg2hths4r8mgacrart1s3i2n7
11:12:20,21:04:38,81.63.11.127,iPhone,qxgix29987atpltzyf7xqxo5586el3j7sychg2hths4r8mgacrart1s3i2n7
22:51:11,23:01:17,74.151.171.88,iPhone,qxgix29987atpltzyf7xqxo5586el3j7sychg2hths4r8mgacrart1s3i2n7
