09:37:06,20:02:41,87.231.97.192,iPhone,rwbuoyoszutwppdd2qg4bpoak2njh7i1cd22zaak1r42lm8f05v33ha4rpup
00:19:48,08:50:46,87.231.97.192,iPhone,rwbuoyoszutwppdd2qg4bpoak2njh7i1cd22zaak1r42lm8f05v33ha4rpup
03:25:21,19:16:24,56.223.188.44,iPhone,rwbuoyoszutwppdd2qg4bpoak2njh7i1cd22zaak1r42lm8f05v33ha4rpup
07:42:17,19:19:54,56.223.188.44,iPhone,rwbuoyoszutwppdd2qg4bpoak2njh7i1cd22zaak1r42lm8f05v33ha4rpup
06:22:02,17:33:52,56.223.188.44,iPhone,rwbuoyoszutwppdd2qg4bpoak2njh7i1cd22zaak1r42lm8f05v33ha4rpup
02:52:46,07:41:17,89.172.14.133,iPhone,rwbuoyoszutwppdd2qg4bpoak2njh7i1cd22zaak1r42lm8f05v33ha4rpup
04:46:40,23:40:15,56.223.188.44,iPhone,rwbuoyoszutwppdd2qg4bpoak2njh7i1cd22zaak1r42lm8f05v33ha4rpup
04:26:49,19:02:04,89.172.14.133,iPhone,rwbuoyoszutwppdd2qg4bpoak2njh7i1cd22zaak1r42lm8f05v33ha4rpup
03:10:03,04:29:48,56.223.188.44,iPhone,rwbuoyoszutwppdd2qg4bpoak2njh7i1cd22zaak1r42lm8f05v33ha4rpup
05:05:40,18:26:43,56.223.188.44,iPhone,rwbuoyoszutwppdd2qg4bpoak2njh7i1cd22zaak1r42lm8f05v33ha4rpup
