05:21:03,21:13:00,150.243.224.145,iPhone,uti1wpqwmx2iayijt3cuj1aktcq3pkd7qsw9sl4bo6kctupxrf2othkei9pv
12:52:09,23:16:35,150.243.224.145,iPhone,uti1wpqwmx2iayijt3cuj1aktcq3pkd7qsw9sl4bo6kctupxrf2othkei9pv
10:30:06,23:37:54,23.237.25.56,iPhone,uti1wpqwmx2iayijt3cuj1aktcq3pkd7qsw9sl4bo6kctupxrf2othkei9pv
02:41:31,06:00:21,23.237.25.56,iPhone,uti1wpqwmx2iayijt3cuj1aktcq3pkd7qsw9sl4bo6kctupxrf2othkei9pv
08:46:52,20:34:49,221.148.15.184,iPhone,uti1wpqwmx2iayijt3cuj1aktcq3pkd7qsw9sl4bo6kctupxrf2othkei9pv
11:17:52,15:06:13,150.243.224.145,iPhone,uti1wpqwmx2iayijt3cuj1aktcq3pkd7qsw9sl4bo6kctupxrf2othkei9pv
00:47:02,07:55:54,150.243.224.145,iPhone,uti1wpqwmx2iayijt3cuj1aktcq3pkd7qsw9sl4bo6kctupxrf2othkei9pv
09:20:09,20:37:57,23.237.25.56,iPhone,uti1wpqwmx2iayijt3cuj1aktcq3pkd7qsw9sl4bo6kctupxrf2othkei9pv
04:15:35,23:37:34,23.237.25.56,iPhone,uti1wpqwmx2iayijt3cuj1aktcq3pkd7qsw9sl4bo6kctupxrf2othkei9pv
02:20:48,12:33:04,23.237.25.56,iPhone,uti1wpqwmx2iayijt3cuj1aktcq3pkd7qsw9sl4bo6kctupxrf2othkei9pv
