21:22:07,21:38:12,8.210.188.13,iPhone,wtcwakg48hxh6h3ocf61kszu77xat9aoqu2stt537a56b29ld9d9ycqeokhq
04:04:50,13:15:33,37.162.52.225,iPhone,wtcwakg48hxh6h3ocf61kszu77xat9aoqu2stt537a56b29ld9d9ycqeokhq
00:31:42,07:06:23,135.196.114.241,iPhone,wtcwakg48hxh6h3ocf61kszu77xat9aoqu2stt537a56b29ld9d9ycqeokhq
04:07:31,22:24:14,135.196.114.241,iPhone,wtcwakg48hxh6h3ocf61kszu77xat9aoqu2stt537a56b29ld9d9ycqeokhq
07:48:42,19:12:33,135.196.114.241,iPhone,wtcwakg48hxh6h3ocf61kszu77xat9aoqu2stt537a56b29ld9d9ycqeokhq
20:56:56,21:10:59,37.162.52.225,iPhone,wtcwakg48hxh6h3ocf61kszu77xat9aoqu2stt537a56b29ld9d9ycqeokhq
00:09:36,06:50:19,8.210.188.13,iPhone,wtcwakg48hxh6h3ocf61kszu77xat9aoqu2stt537a56b29ld9d9ycqeokhq
03:50:47,09:28:10,8.210.188.13,iPhone,wtcwakg48hxh6h3ocf61kszu77xat9aoqu2stt537a56b29ld9d9ycqeokhq
04:11:53,21:02:12,37.162.52.225,iPhone,wtcwakg48hxh6h3ocf61kszu77xat9aoqu2stt537a56b29ld9d9ycqeokhq
04:38:35,08:34:01,8.210.188.13,iPhone,wtcwakg48hxh6h3ocf61kszu77xat9aoqu2stt537a56b29ld9d9ycqeokhq
